{
  "unique-id": "15fe2ea3-7a1f-3239-b52b-ebbef69aaeb2",
  "name": "FumihitoAshahi",
  "first-login": 1755158916646,
  "last-login": 1755158916646,
  "last-location": {
    "world": "world_the_end",
    "x": 507.0748796587378,
    "y": 222.0,
    "z": 859.7778145087327,
    "pitch": 19.799890518188477,
    "yaw": -58.340789794921875
  }
}