{
  "unique-id": "edc6da0c-d07d-3ac0-a19e-74a2f0f3e7a8",
  "name": "FewerSteak1914",
  "first-login": 1.755149914782E12,
  "last-login": 1755149914782,
  "last-location": {
    "world": "world_heaven_sky",
    "x": 843.3005447727901,
    "y": 231.0,
    "z": -722.031196766752,
    "pitch": 22.95000648498535,
    "yaw": 117.45013427734375
  }
}