{
  "unique-id": "f61957b6-2e1e-3bad-b734-ecac33b33529",
  "name": "cuongchanthoi",
  "first-login": 1.755171276931E12,
  "last-login": 1755171276931,
  "last-location": {
    "world": "world",
    "x": -1832.3850874306793,
    "y": 67.545545847422,
    "z": 871.7487831074793,
    "pitch": 31.349918365478516,
    "yaw": -31.2037353515625
  }
}